name,episodes,workEthic,dates,laziness,drama,whoability,description,image
Minori,24,3,4,5,6,0,TBC,https://i.redd.it/ro4wip0cjhi11.jpg
Tecchan,98,4,6,4,2,0,TBC,https://i.redd.it/et4zss9jbjn21.jpg
Dyki,45,7,5,3,0,0,TBC,https://i.redd.it/1n6pcbw1d7y11.png
Yui,28,7,4,3,10,0,TBC,https://i.redd.it/y6m6o6nf5lr41.jpg
Sato,8,8,2,2,3,4,TBC,https://cdn.images.express.co.uk/img/dynamic/20/590x/secondary/terrace-house-opening-new-doors-part-6-plot-1775788.jpg?r=1552296101653
Shunsuke,7,7,1,3,0,3,TBC,https://i1.wp.com/decider.com/wp-content/uploads/2018/10/shunsuke-cover.png?quality=80&strip=all&ssl=1
Aya,12,2,1,0,0,0,TBC,https://decider.com/wp-content/uploads/2018/10/terrace-house-aya.jpg?quality=80&strip=all&w=646&h=431&crop=1
Maya,15,1,2,0,0,0,TBC,https://i.ytimg.com/vi/HL5f6EpnEtE/maxresdefault.jpg
Kaito,14,2,4,0,0,0,TBC,https://terracehouse.fr/wp-content/uploads/2018/10/KaitoNakata-TerraceHouse.jpg
risako,18,0,2,0,0,0,TBC,https://decider.com/wp-content/uploads/2018/12/terrace-house-risako.jpg?quality=80&strip=all&w=646&h=431&crop=1
Aio,19,0,0,0,0,0,TBC,https://media.timeout.com/images/105640707/image.jpg